thls,dthllt,rhft,u0,ujet
299.9599673932222,-1,0.6,3.4146111525576077,2.8968841242009593
