thls,dthllt,hqt,u0,ujet
299.9265575792253,0.4969364582543527,4059.260589732185,3.4146111525576077,2.8968841242009593
