thls,dthllt,hqt,u0,ujet
299.92657,0.4969388360202571,4059.260589920596,3.414611145564173,2.8968841199773623
