thls,dthllt,hqt,u0,ujet
299.51126,2.3548263178582336,3598.0077485799025,1.7963786268486532,6.5296900699686775
