thls,dthllt,hqt,u0,ujet
299.5112559238325,2.354825605753765,3598.0077481984185,1.7963786264078045,6.52969006616715
