thls,dthllt,rhft,u0,ujet
299.5069000276577,2.5,0.45,1.7963786264078045,6.52969006616715
